ID,Latitude,Longitude,n,date_min,date_max,mins,hours,days
3,-19.0657,34.527,4,2020-11-22 14:00:02 UTC,2020-11-28 4:55:19 UTC,8095.28333333333,134.921388888889,5.62172453703704
2,-19.0656,34.527,4,2020-11-22 10:17:50 UTC,2020-11-27 10:50:03 UTC,7232.21666666667,120.536944444444,5.02237268518519
3,-19.0656,34.5271,4,2020-11-23 14:00:23 UTC,2020-11-28 6:00:07 UTC,6719.73333333333,111.995555555556,4.66648148148148
2,-19.0552,34.5078,4,2020-12-25 14:00:10 UTC,2021-03-17 14:00:32 UTC,118080.366666667,1968.00611111111,82.0002546296296
1,-19.0536,34.5073,4,2020-11-06 11:24:26 UTC,2020-11-08 11:37:32 UTC,2893.1,48.2183333333333,2.00909722222222
3,-19.0525,34.5238,4,2020-12-10 0:10:50 UTC,2020-12-29 20:19:42 UTC,28568.8666666667,476.147777777778,19.8394907407407
2,-19.0393,34.5176,4,2020-12-04 14:00:40 UTC,2021-04-06 15:00:51 UTC,177120.183333333,2952.00305555556,123.000127314815
3,-19.0351,34.5136,4,2020-12-03 5:26:56 UTC,2021-04-06 6:00:03 UTC,178533.116666667,2975.55194444444,123.981331018519
3,-19.034,34.5257,4,2021-09-21 17:00:32 UTC,2021-10-04 3:00:21 UTC,17879.8166666667,297.996944444445,12.4165393518519
3,-19.0327,34.5318,4,2020-12-17 14:00:23 UTC,2021-02-20 16:00:31 UTC,93720.1333333333,1562.00222222222,65.0834259259259
8,-19.031,34.5301,4,2021-10-01 17:00:02 UTC,2021-10-02 17:00:52 UTC,1440.83333333333,24.0138888888889,1.0005787037037
2,-19.0305,34.5211,4,2021-06-18 15:00:22 UTC,2021-06-21 3:00:47 UTC,3600.41666666667,60.0069444444445,2.50028935185185
3,-19.0305,34.5213,4,2021-06-22 5:00:56 UTC,2021-07-16 17:00:09 UTC,35279.2166666667,587.986944444445,24.4994560185185
4,-19.0304,34.5217,4,2021-07-11 15:00:02 UTC,2021-07-21 3:00:10 UTC,13680.1333333333,228.002222222222,9.50009259259259
5,-19.0303,34.5214,4,2021-06-11 17:00:26 UTC,2021-06-13 3:00:02 UTC,2039.6,33.9933333333333,1.41638888888889
6,-19.0303,34.5215,14,2021-06-22 3:00:56 UTC,2021-07-15 3:00:32 UTC,33119.6,551.993333333333,22.9997222222222
9,-19.0303,34.5219,4,2021-07-09 3:00:53 UTC,2021-07-18 3:00:06 UTC,12959.2166666667,215.986944444444,8.99945601851852
12,-19.0303,34.5222,4,2021-06-23 5:00:56 UTC,2021-06-30 15:00:07 UTC,10679.1833333333,177.986388888889,7.41609953703704
2,-19.0302,34.5208,4,2021-06-10 3:00:43 UTC,2021-07-06 17:00:40 UTC,38279.95,637.999166666667,26.5832986111111
3,-19.0302,34.5209,4,2021-07-07 3:00:22 UTC,2021-07-08 3:00:48 UTC,1440.43333333333,24.0072222222222,1.00030092592593
4,-19.0302,34.5215,6,2021-06-12 17:00:40 UTC,2021-07-13 17:00:32 UTC,44639.8666666667,743.997777777778,30.9999074074074
5,-19.0302,34.5218,6,2021-07-12 3:00:49 UTC,2021-07-18 5:00:57 UTC,8760.13333333333,146.002222222222,6.08342592592593
6,-19.0302,34.5219,12,2021-07-09 17:00:04 UTC,2021-07-19 17:00:31 UTC,14400.45,240.0075,10.0003125
7,-19.0302,34.522,10,2021-07-12 6:00:36 UTC,2021-07-20 3:00:10 UTC,11339.5666666667,188.992777777778,7.87469907407407
4,-19.0301,34.5213,10,2021-06-26 5:00:02 UTC,2021-07-02 5:00:40 UTC,8640.63333333333,144.010555555556,6.00043981481482
8,-19.0301,34.5218,10,2021-06-28 6:00:52 UTC,2021-07-15 3:00:50 UTC,24299.9666666667,404.999444444444,16.8749768518519
9,-19.0301,34.5219,12,2021-07-05 3:00:50 UTC,2021-07-19 6:00:26 UTC,20339.6,338.993333333333,14.1247222222222
3,-19.03,34.5209,6,2021-06-09 17:00:32 UTC,2021-06-27 5:00:17 UTC,25199.75,419.995833333333,17.4998263888889
5,-19.03,34.5213,14,2021-06-25 17:06:32 UTC,2021-07-02 3:00:53 UTC,9234.35,153.905833333333,6.41274305555556
6,-19.03,34.5214,10,2021-06-24 17:00:32 UTC,2021-07-04 3:00:24 UTC,13559.8666666667,225.997777777778,9.41657407407407
7,-19.03,34.5216,4,2021-06-27 17:00:10 UTC,2021-07-18 6:00:18 UTC,29580.1333333333,493.002222222222,20.5417592592593
8,-19.03,34.5219,4,2021-07-03 5:00:02 UTC,2021-07-06 3:00:40 UTC,4200.63333333333,70.0105555555556,2.91710648148148
3,-19.0299,34.521,4,2021-07-07 3:00:02 UTC,2021-07-08 15:00:37 UTC,2160.58333333333,36.0097222222222,1.50040509259259
4,-19.0299,34.5213,4,2021-06-29 3:00:55 UTC,2021-07-02 3:00:02 UTC,4319.11666666667,71.9852777777778,2.99938657407407
5,-19.0299,34.5214,8,2021-06-27 6:00:20 UTC,2021-07-04 3:00:02 UTC,9899.7,164.995,6.87479166666667
3,-19.0297,34.5216,4,2021-06-29 15:00:07 UTC,2021-07-26 6:00:02 UTC,38339.9166666667,638.998611111111,26.6249421296296
1,-19.0294,34.5211,4,2021-05-25 6:00:31 UTC,2021-08-05 15:00:20 UTC,104219.816666667,1736.99694444444,72.3748726851852
5,-19.0294,34.5216,4,2021-08-05 3:00:50 UTC,2021-08-07 3:00:40 UTC,2879.83333333333,47.9972222222222,1.99988425925926
5,-19.0293,34.5211,4,2021-07-22 3:00:02 UTC,2021-07-23 3:00:47 UTC,1440.75,24.0125,1.00052083333333
7,-19.0293,34.5213,8,2021-05-25 3:00:32 UTC,2021-07-25 3:00:02 UTC,87839.5,1463.99166666667,60.9996527777778
8,-19.0293,34.5214,4,2021-07-24 15:00:56 UTC,2021-08-03 17:00:07 UTC,14519.1833333333,241.986388888889,10.0827662037037
9,-19.0293,34.5215,6,2021-07-28 17:00:31 UTC,2021-08-08 3:00:40 UTC,15000.15,250.0025,10.4167708333333
10,-19.0293,34.5216,4,2021-08-02 3:00:29 UTC,2021-08-06 3:00:40 UTC,5760.18333333333,96.0030555555556,4.00012731481482
9,-19.0292,34.5213,12,2021-07-23 17:00:02 UTC,2021-07-29 3:00:31 UTC,7800.48333333333,130.008055555556,5.41700231481482
10,-19.0292,34.5214,10,2021-07-24 17:00:26 UTC,2021-08-02 17:00:02 UTC,12959.6,215.993333333333,8.99972222222222
11,-19.0292,34.5215,4,2021-08-02 3:00:10 UTC,2021-08-05 17:00:02 UTC,5159.86666666667,85.9977777777778,3.58324074074074
12,-19.0292,34.5216,12,2021-06-04 6:00:56 UTC,2021-08-08 17:00:40 UTC,94259.7333333333,1570.99555555556,65.4581481481482
16,-19.0292,34.5245,4,2021-09-04 15:00:50 UTC,2021-09-13 3:00:00 UTC,12239.1666666667,203.986111111111,8.4994212962963
17,-19.0292,34.5246,4,2021-09-06 3:00:49 UTC,2021-09-14 17:00:36 UTC,12359.7833333333,205.996388888889,8.58318287037037
5,-19.0291,34.5209,6,2021-05-25 5:00:49 UTC,2021-08-11 3:00:30 UTC,112199.683333333,1869.99472222222,77.9164467592593
8,-19.0291,34.5213,6,2021-07-24 3:00:02 UTC,2021-08-10 17:00:32 UTC,25320.5,422.008333333333,17.5836805555556
9,-19.0291,34.5215,6,2021-06-03 6:00:55 UTC,2021-08-10 3:00:50 UTC,97739.9166666667,1628.99861111111,67.8749421296296
12,-19.0291,34.5244,6,2021-09-09 3:00:31 UTC,2021-09-12 3:00:22 UTC,4319.85,71.9975,2.99989583333333
9,-19.029,34.5247,6,2021-09-04 17:00:30 UTC,2021-09-17 6:00:31 UTC,18060.0166666667,301.000277777778,12.5416782407407
10,-19.029,34.5248,6,2021-09-06 3:00:40 UTC,2021-09-15 17:00:33 UTC,13799.8833333333,229.998055555556,9.58325231481481
6,-19.0289,34.5216,4,2021-07-28 15:00:24 UTC,2021-08-02 15:00:56 UTC,7200.53333333333,120.008888888889,5.00037037037037
15,-19.0288,34.525,8,2021-09-12 3:00:32 UTC,2021-09-25 3:00:31 UTC,18719.9833333333,311.999722222222,12.9999884259259
5,-19.0287,34.525,4,2021-09-08 3:00:58 UTC,2021-09-27 3:00:54 UTC,27359.9333333333,455.998888888889,18.9999537037037
4,-19.0286,34.5242,4,2021-09-03 3:00:10 UTC,2021-09-04 3:00:20 UTC,1440.16666666667,24.0027777777778,1.00011574074074
3,-19.0283,34.5243,4,2021-08-22 15:00:02 UTC,2021-09-03 17:00:06 UTC,17400.0666666667,290.001111111111,12.0833796296296
6,-19.0282,34.5242,4,2021-08-17 3:00:54 UTC,2021-09-04 3:00:20 UTC,25919.4333333333,431.990555555556,17.9996064814815
6,-19.0281,34.5241,4,2021-08-13 3:00:40 UTC,2021-08-14 17:00:38 UTC,2279.96666666667,37.9994444444444,1.58331018518519
7,-19.0281,34.5242,6,2021-08-14 3:00:21 UTC,2021-08-28 15:00:50 UTC,20880.4833333333,348.008055555556,14.5003356481481
5,-19.028,34.524,6,2021-08-13 5:00:11 UTC,2021-08-26 3:00:32 UTC,18600.35,310.005833333333,12.9169097222222
6,-19.028,34.5241,4,2021-08-12 6:00:01 UTC,2021-08-23 3:00:02 UTC,15660.0166666667,261.000277777778,10.8750115740741
7,-19.028,34.5242,4,2021-08-14 5:00:14 UTC,2021-08-16 5:00:08 UTC,2879.9,47.9983333333333,1.99993055555556
9,-19.028,34.5244,4,2021-08-25 3:00:59 UTC,2021-08-27 6:00:02 UTC,3059.05,50.9841666666667,2.12434027777778
5,-19.0279,34.5239,8,2021-08-13 17:00:15 UTC,2021-08-25 6:00:02 UTC,16619.7833333333,276.996388888889,11.5415162037037
6,-19.0279,34.524,12,2021-08-16 17:00:32 UTC,2021-09-01 6:00:31 UTC,22379.9833333333,372.999722222222,15.5416550925926
7,-19.0279,34.5241,4,2021-08-15 3:00:13 UTC,2021-08-27 3:00:02 UTC,17279.8166666667,287.996944444445,11.9998726851852
8,-19.0279,34.5242,6,2021-08-16 3:00:54 UTC,2021-08-24 3:00:20 UTC,11519.4333333333,191.990555555556,7.99960648148148
4,-19.0278,34.524,6,2021-08-24 3:00:21 UTC,2021-08-29 3:00:32 UTC,7200.18333333333,120.003055555556,5.00012731481482
6,-19.0278,34.5242,6,2021-08-15 3:00:09 UTC,2021-08-27 3:00:18 UTC,17280.15,288.0025,12.0001041666667
8,-19.0278,34.5259,4,2021-09-25 17:00:57 UTC,2021-09-29 3:00:29 UTC,4919.53333333333,81.9922222222222,3.41634259259259
2,-19.027,34.524,4,2021-08-26 6:00:36 UTC,2021-09-23 15:00:01 UTC,40859.4166666667,680.990277777778,28.3745949074074
2,-19.025,34.4367,6,2020-12-20 22:06:02 UTC,2020-12-22 4:00:07 UTC,1794.08333333333,29.9013888888889,1.2458912037037
8,-19.0223,34.5207,4,2021-10-06 15:00:31 UTC,2021-10-21 17:00:32 UTC,21720.0166666667,362.000277777778,15.0833449074074
1,-19.0173,34.4737,6,2020-11-28 6:00:26 UTC,2020-11-29 6:04:40 UTC,1444.23333333333,24.0705555555556,1.00293981481481
6,-19.0165,34.4379,4,2020-11-26 22:00:31 UTC,2021-03-22 14:00:04 UTC,166559.55,2775.9925,115.666354166667
3,-19.0161,34.4389,4,2020-10-03 12:00:02 UTC,2020-11-27 6:00:14 UTC,78900.2,1315.00333333333,54.7918055555556
8,-19.0141,34.5402,4,2021-10-16 17:00:27 UTC,2021-10-17 17:00:50 UTC,1440.38333333333,24.0063888888889,1.0002662037037
4,-19.0131,34.5409,4,2021-10-16 3:00:32 UTC,2021-10-17 3:00:56 UTC,1440.4,24.0066666666667,1.00027777777778
3,-19.0128,34.4727,5,2021-11-05 11:20:20 UTC,2021-11-08 9:52:10 UTC,4231.83333333333,70.5305555555556,2.93877314814815
2,-19.0123,34.4655,6,2021-09-22 10:35:03 UTC,2021-09-27 11:35:20 UTC,7260.28333333333,121.004722222222,5.04186342592593
6,-19.0121,34.4724,4,2021-02-09 0:44:42 UTC,2021-09-26 23:29:02 UTC,331064.333333333,5517.73888888889,229.905787037037
9,-19.0121,34.4742,4,2021-02-07 14:00:02 UTC,2021-02-08 22:00:16 UTC,1920.23333333333,32.0038888888889,1.33349537037037
1,-19.0115,34.4662,6,2021-09-24 6:00:50 UTC,2021-09-28 3:00:49 UTC,5579.98333333333,92.9997222222222,3.87498842592593
4,-19.0113,34.4679,6,2020-11-18 22:00:01 UTC,2021-09-24 17:00:56 UTC,446040.916666667,7434.01527777778,309.750636574074
4,-19.0109,34.4683,6,2021-09-22 16:37:57 UTC,2021-11-07 21:46:02 UTC,66608.0833333333,1110.13472222222,46.2556134259259
5,-19.0088,34.5084,4,2021-10-29 17:00:02 UTC,2021-10-31 17:00:40 UTC,2940.63333333333,49.0105555555556,2.04210648148148
2,-19.0078,34.5071,4,2020-12-15 12:46:33 UTC,2021-10-24 5:00:02 UTC,450193.483333333,7503.22472222222,312.634363425926
2,-19.0075,34.5068,4,2020-12-15 6:00:02 UTC,2021-11-01 5:00:40 UTC,462180.633333333,7703.01055555556,320.958773148148
3,-19.0075,34.5069,4,2020-12-15 6:44:50 UTC,2021-10-31 6:00:40 UTC,460755.833333333,7679.26388888889,319.969328703704
4,-19.0073,34.5067,4,2020-12-31 14:30:33 UTC,2021-10-30 3:00:03 UTC,435569.5,7259.49166666667,302.478819444444
1,-18.9988,34.4272,6,2021-05-02 3:00:02 UTC,2021-05-03 3:00:41 UTC,1440.65,24.0108333333333,1.00045138888889
1,-18.9958,34.4917,4,2021-01-10 14:00:50 UTC,2021-03-11 14:00:12 UTC,86399.3666666667,1439.98944444444,59.9995601851852
1,-18.9882,34.2767,8,2020-10-10 12:06:26 UTC,2020-11-10 12:00:20 UTC,44693.9,744.898333333333,31.0374305555556
2,-18.9882,34.2768,6,2020-11-05 12:00:40 UTC,2020-11-09 12:00:26 UTC,5759.76666666667,95.9961111111111,3.99983796296296
2,-18.9881,34.2768,4,2020-11-08 12:00:01 UTC,2020-11-10 15:02:28 UTC,3062.45,51.0408333333333,2.12670138888889
2,-18.9857,34.4383,6,2021-09-08 13:40:29 UTC,2021-09-13 8:41:02 UTC,6900.55,115.009166666667,4.79204861111111
1,-18.9815,34.3348,4,2021-10-03 10:00:50 UTC,2021-10-10 14:00:40 UTC,10319.8333333333,171.997222222222,7.16655092592593
2,-18.9815,34.3349,6,2021-10-03 14:00:50 UTC,2021-10-13 14:00:04 UTC,14399.2333333333,239.987222222222,9.99946759259259
3,-18.9804,34.3822,4,2021-07-31 3:00:01 UTC,2021-08-02 7:25:20 UTC,3145.31666666667,52.4219444444444,2.18424768518519
1,-18.9803,34.3821,6,2021-08-01 1:08:32 UTC,2021-08-07 2:26:32 UTC,8718,145.3,6.05416666666667
2,-18.9803,34.3822,18,2021-07-30 3:00:02 UTC,2021-08-10 21:16:21 UTC,16936.3166666667,282.271944444444,11.7613310185185
3,-18.9803,34.3823,8,2021-08-03 19:44:02 UTC,2021-08-11 17:00:32 UTC,11356.5,189.275,7.88645833333333
1,-18.9802,34.382,4,2021-07-26 3:00:12 UTC,2021-07-27 17:00:02 UTC,2279.83333333333,37.9972222222222,1.58321759259259
2,-18.9802,34.3821,4,2021-07-29 6:00:02 UTC,2021-08-04 3:00:02 UTC,8460,141,5.875
3,-18.9802,34.3822,8,2021-07-29 3:00:20 UTC,2021-08-06 3:00:57 UTC,11520.6166666667,192.010277777778,8.00042824074074
5,-18.9802,34.3824,4,2021-07-30 17:00:02 UTC,2021-08-07 3:00:46 UTC,10680.7333333333,178.012222222222,7.41717592592593
7,-18.9802,34.3826,4,2021-08-06 17:00:02 UTC,2021-08-10 3:06:33 UTC,4926.51666666667,82.1086111111111,3.42119212962963
4,-18.9801,34.382,4,2021-07-25 17:00:20 UTC,2021-07-27 3:00:02 UTC,2039.7,33.995,1.41645833333333
7,-18.9801,34.3824,4,2021-07-25 6:00:02 UTC,2021-08-03 3:00:47 UTC,12780.75,213.0125,8.87552083333333
4,-18.9795,34.3823,4,2021-08-02 3:00:05 UTC,2021-08-06 14:20:03 UTC,6439.96666666667,107.332777777778,4.47219907407407
4,-18.9794,34.351,3,2020-11-10 15:01:25 UTC,2021-06-21 17:00:32 UTC,321179.116666667,5352.98527777778,223.041053240741
5,-18.9794,34.3511,3,2021-06-19 6:00:40 UTC,2021-07-02 17:00:10 UTC,19379.5,322.991666666667,13.4579861111111
6,-18.9794,34.3512,3,2020-11-05 14:29:32 UTC,2021-07-06 17:00:22 UTC,350010.833333333,5833.51388888889,243.063078703704
7,-18.9794,34.3513,4,2020-09-02 4:00:06 UTC,2021-06-13 17:00:34 UTC,409740.466666667,6829.00777777778,284.541990740741
3,-18.9793,34.3509,2,2020-09-09 17:00:40 UTC,2021-06-14 17:00:23 UTC,400319.716666667,6671.99527777778,277.999803240741
4,-18.9793,34.351,62,2020-09-04 4:00:40 UTC,2021-11-07 4:00:10 UTC,617819.5,10296.9916666667,429.041319444444
5,-18.9793,34.3511,192,2020-09-01 17:00:32 UTC,2021-11-04 6:00:10 UTC,617159.633333333,10285.9938888889,428.583078703704
6,-18.9793,34.3512,99,2020-09-02 4:00:40 UTC,2021-08-18 10:04:32 UTC,504363.866666667,8406.06444444445,350.252685185185
1,-18.9792,34.3509,97,2020-11-02 20:12:10 UTC,2021-11-10 4:00:32 UTC,536148.366666667,8935.80611111111,372.32525462963
2,-18.9792,34.351,140,2020-09-11 17:00:53 UTC,2021-11-09 6:00:26 UTC,609959.55,10165.9925,423.583020833333
3,-18.9792,34.3511,314,2020-11-02 14:08:32 UTC,2021-11-08 6:00:40 UTC,533752.133333333,8895.86888888889,370.661203703704
4,-18.9792,34.3512,213,2020-09-03 17:00:25 UTC,2021-08-15 22:00:32 UTC,498540.116666667,8309.00194444445,346.208414351852
1,-18.9791,34.3508,20,2021-10-13 10:00:51 UTC,2021-11-01 4:00:01 UTC,27059.1666666667,450.986111111111,18.791087962963
2,-18.9791,34.3509,187,2020-11-02 20:09:02 UTC,2021-11-08 4:00:01 UTC,533270.983333333,8887.84972222222,370.327071759259
3,-18.9791,34.351,297,2020-09-08 17:00:40 UTC,2021-11-10 6:00:02 UTC,615719.366666667,10261.9894444444,427.582893518519
4,-18.9791,34.3511,47,2020-09-07 17:00:25 UTC,2021-09-06 22:04:10 UTC,524463.75,8741.0625,364.2109375
5,-18.9791,34.3512,3,2020-11-12 9:12:21 UTC,2021-06-27 3:00:51 UTC,326448.5,5440.80833333333,226.700347222222
1,-18.979,34.3507,20,2021-10-11 10:04:02 UTC,2021-11-02 4:00:29 UTC,31376.45,522.940833333333,21.7892013888889
3,-18.979,34.3509,62,2021-08-20 22:00:02 UTC,2021-11-07 6:00:02 UTC,112860,1881,78.375
4,-18.979,34.351,144,2020-09-07 17:00:57 UTC,2021-11-07 10:00:50 UTC,613079.883333333,10217.9980555556,425.749918981481
5,-18.979,34.3511,39,2020-09-09 4:00:30 UTC,2021-11-05 8:00:02 UTC,607979.533333333,10132.9922222222,422.208009259259
2,-18.9789,34.351,3,2020-11-05 14:28:21 UTC,2021-09-20 10:04:42 UTC,459036.35,7650.60583333333,318.775243055556
2,-18.9782,34.3483,5,2021-06-24 21:52:32 UTC,2021-09-20 19:22:03 UTC,126569.516666667,2109.49194444444,87.8954976851852
3,-18.9782,34.3484,112,2021-06-11 8:43:32 UTC,2021-09-26 7:58:12 UTC,154034.666666667,2567.24444444444,106.968518518519
4,-18.9782,34.3485,66,2021-06-11 14:46:03 UTC,2021-09-25 7:51:42 UTC,152225.65,2537.09416666667,105.712256944444
3,-18.9781,34.3484,22,2021-06-12 20:34:32 UTC,2021-09-26 20:01:20 UTC,152606.8,2543.44666666667,105.976944444444
4,-18.9781,34.3485,5,2021-06-14 20:47:26 UTC,2021-09-21 7:26:08 UTC,141758.7,2362.645,98.4435416666667
3,-18.9776,34.3803,4,2021-07-20 17:00:40 UTC,2021-07-21 17:00:52 UTC,1440.2,24.0033333333333,1.00013888888889
4,-18.9775,34.4642,4,2020-10-01 4:00:26 UTC,2021-05-29 3:00:21 UTC,345539.916666667,5758.99861111111,239.958275462963
5,-18.9759,34.3824,4,2021-06-07 19:00:10 UTC,2021-06-10 19:00:38 UTC,4320.46666666667,72.0077777777778,3.00032407407407
6,-18.9759,34.3825,4,2021-06-05 19:00:02 UTC,2021-06-08 19:00:56 UTC,4320.9,72.015,3.000625
5,-18.9758,34.3824,4,2021-06-03 19:00:32 UTC,2021-06-08 4:00:10 UTC,6299.63333333333,104.993888888889,4.37474537037037
1,-18.9757,34.3513,6,2021-10-06 22:00:01 UTC,2021-10-14 2:00:56 UTC,10320.9166666667,172.015277777778,7.16730324074074
5,-18.9757,34.3819,4,2021-06-26 17:00:24 UTC,2021-06-29 3:00:05 UTC,3479.68333333333,57.9947222222222,2.41644675925926
7,-18.9757,34.3822,4,2021-06-12 19:00:26 UTC,2021-06-13 19:00:32 UTC,1440.1,24.0016666666667,1.00006944444444
9,-18.9757,34.3826,4,2021-06-02 6:00:22 UTC,2021-06-18 19:00:25 UTC,23820.05,397.000833333333,16.5417013888889
2,-18.9756,34.3514,8,2021-09-30 6:00:06 UTC,2021-10-06 2:00:49 UTC,8400.71666666667,140.011944444444,5.83383101851852
4,-18.9756,34.3819,10,2021-06-15 3:00:10 UTC,2021-07-09 17:00:32 UTC,35400.3666666667,590.006111111111,24.583587962963
5,-18.9756,34.382,8,2021-06-12 17:00:32 UTC,2021-07-10 6:00:32 UTC,39660,661,27.5416666666667
6,-18.9756,34.3821,12,2021-06-11 17:00:32 UTC,2021-06-29 6:00:54 UTC,25260.3666666667,421.006111111111,17.5419212962963
7,-18.9756,34.3822,14,2021-05-26 7:00:02 UTC,2021-06-24 3:00:20 UTC,41520.3,692.005,28.8335416666667
8,-18.9756,34.3823,12,2021-05-20 6:00:13 UTC,2021-06-12 7:00:42 UTC,33180.4833333333,553.008055555556,23.0420023148148
9,-18.9756,34.3824,10,2021-05-24 3:00:50 UTC,2021-06-19 3:00:18 UTC,37439.4666666667,623.991111111111,25.9996296296296
11,-18.9756,34.3826,4,2021-06-06 6:00:56 UTC,2021-06-09 17:00:40 UTC,4979.73333333333,82.9955555555556,3.45814814814815
13,-18.9756,34.3829,4,2021-05-16 7:00:19 UTC,2021-06-23 6:00:01 UTC,54659.7,910.995,37.958125
6,-18.9755,34.3818,4,2021-07-01 3:00:02 UTC,2021-07-17 17:00:10 UTC,23880.1333333333,398.002222222222,16.5834259259259
7,-18.9755,34.3819,6,2021-07-05 17:00:32 UTC,2021-07-15 17:00:06 UTC,14399.5666666667,239.992777777778,9.99969907407407
8,-18.9755,34.382,6,2021-06-26 6:00:09 UTC,2021-07-08 17:00:14 UTC,17940.0833333333,299.001388888889,12.4583912037037
9,-18.9755,34.3821,6,2021-05-30 17:00:16 UTC,2021-06-28 17:00:00 UTC,41759.7333333333,695.995555555556,28.9998148148148
10,-18.9755,34.3822,4,2021-05-24 4:00:40 UTC,2021-07-12 17:07:28 UTC,71346.8,1189.11333333333,49.5463888888889
11,-18.9755,34.3823,20,2021-05-17 17:13:10 UTC,2021-06-21 6:00:41 UTC,49727.5166666667,828.791944444444,34.5329976851852
12,-18.9755,34.3824,16,2021-05-14 17:00:53 UTC,2021-06-17 17:00:00 UTC,48959.1166666667,815.985277777778,33.9993865740741
13,-18.9755,34.3825,10,2021-05-16 19:00:01 UTC,2021-06-05 17:00:35 UTC,28680.5666666667,478.009444444445,19.9170601851852
6,-18.9754,34.3818,6,2021-06-27 22:06:32 UTC,2021-07-16 3:00:02 UTC,26213.5,436.891666666667,18.2038194444444
7,-18.9754,34.3819,10,2021-06-11 19:00:52 UTC,2021-07-09 3:00:32 UTC,39359.6666666667,655.994444444445,27.3331018518519
8,-18.9754,34.382,4,2021-06-09 7:00:25 UTC,2021-07-12 3:00:07 UTC,47279.7,787.995,32.833125
9,-18.9754,34.3821,6,2021-05-21 7:00:10 UTC,2021-07-07 17:00:29 UTC,68280.3166666667,1138.00527777778,47.4168865740741
10,-18.9754,34.3822,4,2021-05-31 19:00:00 UTC,2021-06-23 17:00:32 UTC,33000.5333333333,550.008888888889,22.917037037037
13,-18.9754,34.3825,6,2021-05-20 7:00:26 UTC,2021-05-28 17:00:56 UTC,12120.5,202.008333333333,8.41701388888889
9,-18.9753,34.3821,4,2021-05-27 6:00:25 UTC,2021-06-27 16:03:02 UTC,45242.6166666667,754.043611111111,31.4184837962963
11,-18.9753,34.3823,6,2021-06-18 17:00:32 UTC,2021-07-01 17:00:20 UTC,18719.8,311.996666666667,12.9998611111111
12,-18.9753,34.3824,6,2021-05-22 7:00:02 UTC,2021-06-21 17:00:10 UTC,43800.1333333333,730.002222222222,30.4167592592593
3,-18.9752,34.3821,4,2021-06-15 19:00:32 UTC,2021-06-17 4:00:10 UTC,1979.63333333333,32.9938888888889,1.37474537037037
5,-18.9752,34.3823,4,2021-05-21 19:00:26 UTC,2021-06-20 6:00:01 UTC,42419.5833333333,706.993055555556,29.4580439814815
6,-18.9752,34.3824,8,2021-05-17 7:00:05 UTC,2021-06-21 3:00:52 UTC,50160.7833333333,836.013055555556,34.8338773148148
7,-18.9752,34.3825,4,2021-06-06 17:00:40 UTC,2021-06-16 3:00:04 UTC,13559.4,225.99,9.41625
4,-18.9751,34.3823,4,2021-06-16 19:00:48 UTC,2021-06-22 21:44:33 UTC,8803.75,146.729166666667,6.11371527777778
6,-18.9751,34.3825,4,2021-05-14 19:00:25 UTC,2021-05-22 19:00:28 UTC,11520.05,192.000833333333,8.00003472222222
2,-18.9686,34.3942,4,2021-08-20 17:00:26 UTC,2021-08-26 0:34:32 UTC,7654.1,127.568333333333,5.31534722222222
4,-18.9662,34.4361,4,2020-10-27 4:00:32 UTC,2020-11-16 6:00:56 UTC,28920.4,482.006666666667,20.0836111111111
6,-18.9647,34.4033,4,2021-04-18 19:00:34 UTC,2021-04-30 3:00:32 UTC,16319.9666666667,271.999444444444,11.3333101851852
6,-18.9644,34.403,4,2021-03-06 22:00:20 UTC,2021-08-31 1:37:32 UTC,255037.2,4250.62,177.109166666667
2,-18.9643,34.337,6,2021-03-12 3:00:32 UTC,2021-03-15 3:00:02 UTC,4319.5,71.9916666666667,2.99965277777778
1,-18.9627,34.2712,4,2021-04-22 11:00:08 UTC,2021-04-25 15:06:01 UTC,4565.88333333333,76.0980555555556,3.17075231481482
1,-18.9626,34.2713,4,2021-04-22 7:00:32 UTC,2021-04-25 11:00:55 UTC,4560.38333333333,76.0063888888889,3.16693287037037
3,-18.9575,34.3843,4,2021-02-16 14:00:02 UTC,2021-05-08 4:00:50 UTC,115980.8,1933.01333333333,80.5422222222222
1,-18.956,34.399,4,2021-08-25 12:28:27 UTC,2021-08-26 12:41:10 UTC,1452.71666666667,24.2119444444444,1.00883101851852
3,-18.95,34.4342,4,2021-03-04 6:00:10 UTC,2021-05-11 7:05:01 UTC,97924.85,1632.08083333333,68.0033680555556
1,-18.9354,34.4118,9,2021-01-03 22:00:19 UTC,2021-10-28 22:30:01 UTC,429089.7,7151.495,297.978958333333
3,-18.935,34.3702,4,2020-09-27 20:00:52 UTC,2020-12-15 14:00:28 UTC,113459.6,1890.99333333333,78.7913888888889
2,-18.9346,34.1515,4,2021-06-07 15:00:01 UTC,2021-06-09 3:00:50 UTC,2160.81666666667,36.0136111111111,1.50056712962963
5,-18.9333,34.4221,5,2020-09-15 20:00:02 UTC,2021-11-03 3:04:10 UTC,595204.133333333,9920.06888888889,413.336203703704
5,-18.9326,34.4223,3,2021-03-20 16:00:54 UTC,2021-10-31 14:47:31 UTC,323926.616666667,5398.77694444445,224.949039351852
5,-18.9296,34.403,4,2021-01-10 22:00:31 UTC,2021-02-08 3:00:48 UTC,40620.2833333333,677.004722222222,28.2085300925926
3,-18.9294,34.4031,4,2021-03-30 4:00:40 UTC,2021-10-27 1:19:33 UTC,303678.883333333,5061.31472222222,210.888113425926
6,-18.929,34.4035,4,2021-01-09 3:00:09 UTC,2021-02-08 4:00:01 UTC,43259.8666666667,720.997777777778,30.0415740740741
3,-18.9282,34.4041,4,2020-12-20 22:00:39 UTC,2021-01-17 22:00:53 UTC,40320.2333333333,672.003888888889,28.000162037037
4,-18.9281,34.4038,10,2021-02-13 3:00:11 UTC,2021-10-22 6:22:12 UTC,361582.016666667,6026.36694444444,251.098622685185
6,-18.9277,34.4043,4,2020-12-12 3:00:14 UTC,2021-01-07 6:00:32 UTC,37620.3,627.005,26.1252083333333
4,-18.9273,34.2962,12,2021-04-14 19:00:56 UTC,2021-04-17 3:00:40 UTC,3359.73333333333,55.9955555555556,2.33314814814815
1,-18.9271,34.4041,4,2021-04-03 19:04:02 UTC,2021-04-07 19:00:20 UTC,5756.3,95.9383333333333,3.99743055555556
2,-18.9271,34.4042,6,2020-12-16 6:00:28 UTC,2021-03-25 17:00:34 UTC,143220.1,2387.00166666667,99.4584027777778
5,-18.927,34.404,4,2020-12-29 16:00:02 UTC,2021-04-06 17:00:32 UTC,141120.5,2352.00833333333,98.0003472222222
6,-18.927,34.4041,13,2020-12-29 16:00:02 UTC,2021-10-27 2:18:56 UTC,433998.9,7233.315,301.388125
8,-18.927,34.4044,6,2021-03-24 17:00:01 UTC,2021-04-04 17:00:40 UTC,15780.65,263.010833333333,10.9587847222222
3,-18.9269,34.4014,4,2021-03-23 17:00:40 UTC,2021-03-31 7:00:02 UTC,10859.3666666667,180.989444444444,7.54122685185185
5,-18.9269,34.4039,6,2020-12-09 3:00:50 UTC,2021-03-27 3:00:00 UTC,155519.166666667,2591.98611111111,107.999421296296
6,-18.9269,34.404,6,2020-12-13 3:00:19 UTC,2021-03-17 4:00:21 UTC,135420.033333333,2257.00055555556,94.0416898148148
3,-18.9268,34.4037,4,2020-12-16 6:00:14 UTC,2021-03-20 22:00:50 UTC,136320.6,2272.01,94.6670833333333
4,-18.9268,34.4038,8,2020-12-13 3:00:46 UTC,2021-10-24 0:41:50 UTC,453401.066666667,7556.68444444445,314.861851851852
5,-18.9268,34.4039,4,2020-12-11 3:00:16 UTC,2020-12-18 16:00:09 UTC,10859.8833333333,180.998055555556,7.54158564814815
5,-18.9267,34.4036,4,2021-03-27 6:00:32 UTC,2021-05-05 6:00:46 UTC,56100.2333333333,935.003888888889,38.9584953703704
9,-18.9267,34.4046,4,2020-10-21 4:04:32 UTC,2021-03-25 17:00:51 UTC,224036.316666667,3733.93861111111,155.580775462963
6,-18.9266,34.4033,4,2020-12-22 4:00:40 UTC,2021-05-06 17:00:49 UTC,195120.15,3252.0025,135.500104166667
11,-18.9266,34.4047,4,2020-11-15 6:00:30 UTC,2020-12-11 4:00:01 UTC,37319.5166666667,621.991944444445,25.9163310185185
10,-18.9265,34.4037,4,2021-03-17 16:00:32 UTC,2021-04-06 4:00:31 UTC,28019.9833333333,466.999722222222,19.4583217592593
12,-18.9265,34.4044,6,2020-12-10 3:00:02 UTC,2020-12-20 14:00:32 UTC,15060.5,251.008333333333,10.4586805555556
5,-18.9264,34.4032,6,2021-02-12 16:00:39 UTC,2021-10-23 3:00:18 UTC,363479.65,6057.99416666667,252.416423611111
6,-18.9264,34.4033,4,2021-03-18 18:06:54 UTC,2021-03-19 18:06:56 UTC,1440.03333333333,24.0005555555556,1.00002314814815
8,-18.9264,34.4038,14,2021-03-17 4:00:38 UTC,2021-03-26 18:00:56 UTC,13800.3,230.005,9.58354166666667
9,-18.9264,34.4039,4,2020-12-09 4:00:19 UTC,2021-03-31 18:13:35 UTC,162073.266666667,2701.22111111111,112.55087962963
11,-18.9264,34.4044,6,2020-12-18 3:00:32 UTC,2021-03-22 4:00:52 UTC,135420.333333333,2257.00555555556,94.0418981481482
3,-18.9263,34.4038,6,2021-03-22 3:00:37 UTC,2021-03-28 6:00:32 UTC,8759.91666666667,145.998611111111,6.08327546296296
4,-18.9263,34.4039,12,2021-03-17 6:00:53 UTC,2021-10-29 3:00:32 UTC,325199.65,5419.99416666667,225.833090277778
5,-18.9263,34.404,4,2021-03-21 16:00:02 UTC,2021-11-01 2:24:42 UTC,323184.666666667,5386.41111111111,224.433796296296
6,-18.9263,34.4041,14,2021-03-17 22:00:50 UTC,2021-10-30 2:38:06 UTC,325657.266666667,5427.62111111111,226.15087962963
7,-18.9263,34.4042,12,2020-10-21 20:00:40 UTC,2021-04-01 19:00:27 UTC,233219.783333333,3886.99638888889,161.95818287037
8,-18.9263,34.4043,4,2020-10-22 0:00:10 UTC,2020-10-23 0:00:56 UTC,1440.76666666667,24.0127777777778,1.00053240740741
9,-18.9263,34.4047,4,2020-10-22 4:00:10 UTC,2020-12-16 3:00:53 UTC,79200.7166666667,1320.01194444444,55.0004976851852
5,-18.9262,34.4038,6,2021-03-19 6:00:08 UTC,2021-03-30 3:00:22 UTC,15600.2333333333,260.003888888889,10.8334953703704
6,-18.9262,34.404,10,2021-03-18 22:00:39 UTC,2021-03-29 6:00:02 UTC,14819.3833333333,246.989722222222,10.2912384259259
7,-18.9262,34.4041,22,2021-03-18 22:00:31 UTC,2021-03-30 17:00:32 UTC,16920.0166666667,282.000277777778,11.7500115740741
8,-18.9262,34.4042,4,2021-03-19 3:00:10 UTC,2021-04-02 3:00:22 UTC,20100.2,335.003333333333,13.9584722222222
9,-18.9262,34.4043,4,2021-03-19 4:00:00 UTC,2021-04-05 17:00:32 UTC,25200.5333333333,420.008888888889,17.5003703703704
11,-18.9261,34.4035,3,2021-03-18 6:00:50 UTC,2021-11-02 2:57:40 UTC,329576.833333333,5492.94722222222,228.872800925926
12,-18.9261,34.4039,6,2021-03-26 17:00:06 UTC,2021-03-29 19:00:34 UTC,4380.46666666667,73.0077777777778,3.04199074074074
6,-18.926,34.404,6,2021-03-30 19:00:40 UTC,2021-05-06 4:00:10 UTC,52379.5,872.991666666667,36.3746527777778
1,-18.9246,34.4046,6,2021-01-17 16:00:10 UTC,2021-02-13 4:00:50 UTC,38160.6666666667,636.011111111111,26.500462962963
2,-18.9243,34.4051,6,2020-11-14 8:00:26 UTC,2021-02-08 6:00:39 UTC,123720.216666667,2062.00361111111,85.9168171296297
1,-18.9242,34.2992,8,2021-04-15 7:00:02 UTC,2021-04-18 3:00:01 UTC,4079.98333333333,67.9997222222222,2.83332175925926
4,-18.9231,34.2273,8,2021-07-21 2:07:40 UTC,2021-08-03 6:00:31 UTC,18952.85,315.880833333333,13.1617013888889
5,-18.9231,34.2274,4,2021-07-23 10:00:26 UTC,2021-07-27 10:08:32 UTC,5768.1,96.135,4.005625
3,-18.923,34.2274,4,2021-07-23 2:15:50 UTC,2021-08-03 10:00:50 UTC,16305,271.75,11.3229166666667
4,-18.923,34.2275,4,2021-07-31 6:00:02 UTC,2021-08-04 2:08:15 UTC,5528.21666666667,92.1369444444444,3.83903935185185
1,-18.9229,34.2274,4,2021-08-01 18:00:26 UTC,2021-08-04 6:00:09 UTC,3599.71666666667,59.9952777777778,2.49980324074074
2,-18.9229,34.2275,6,2021-07-26 6:06:02 UTC,2021-08-02 2:00:32 UTC,9834.5,163.908333333333,6.82951388888889
3,-18.9229,34.2276,8,2021-07-01 4:06:26 UTC,2021-08-03 14:00:49 UTC,48114.3833333333,801.906388888889,33.4127662037037
4,-18.9228,34.2279,4,2021-06-24 7:47:26 UTC,2021-06-30 0:00:00 UTC,8172.56666666667,136.209444444444,5.67539351851852
1,-18.9213,34.2202,6,2021-07-05 20:00:26 UTC,2021-07-07 16:11:40 UTC,2651.23333333333,44.1872222222222,1.84113425925926
1,-18.919,34.3792,4,2020-12-21 22:00:26 UTC,2021-04-16 17:00:53 UTC,166680.45,2778.0075,115.7503125
3,-18.8965,34.3437,4,2021-01-28 6:00:19 UTC,2021-03-16 6:00:40 UTC,67680.35,1128.00583333333,47.0002430555556
5,-18.8906,34.2626,2,2021-11-08 6:00:31 UTC,2021-11-09 6:00:40 UTC,1440.15,24.0025,1.00010416666667
2,-18.8894,34.4024,4,2021-01-05 16:00:40 UTC,2021-10-27 19:29:32 UTC,424948.866666667,7082.48111111111,295.10337962963
5,-18.8778,34.3262,4,2020-12-23 6:00:08 UTC,2021-01-08 14:00:49 UTC,23520.6833333333,392.011388888889,16.3338078703704
2,-18.8741,34.328,7,2020-12-23 14:00:32 UTC,2021-01-04 16:00:23 UTC,17399.85,289.9975,12.0832291666667
1,-18.8718,34.2472,38,2021-01-03 3:25:50 UTC,2021-01-11 1:17:02 UTC,11391.2,189.853333333333,7.91055555555556
1,-18.871,34.2476,57,2020-12-31 21:11:02 UTC,2021-01-10 19:15:20 UTC,14284.3,238.071666666667,9.91965277777778
2,-18.8674,34.2492,38,2020-11-25 4:46:32 UTC,2020-12-02 9:01:01 UTC,10334.4833333333,172.241388888889,7.17672453703704
3,-18.8671,34.2414,57,2020-11-26 11:23:03 UTC,2020-11-28 5:34:33 UTC,2531.5,42.1916666666667,1.75798611111111
2,-18.8611,34.1988,38,2021-04-15 21:00:40 UTC,2021-04-17 17:00:01 UTC,2639.35,43.9891666666667,1.83288194444444
1,-18.861,34.1988,38,2021-04-09 21:00:10 UTC,2021-04-21 1:00:26 UTC,16080.2666666667,268.004444444444,11.1668518518519
4,-18.8606,34.2429,4,2020-09-30 5:00:20 UTC,2020-10-10 6:00:31 UTC,14460.1833333333,241.003055555556,10.0417939814815
1,-18.8605,34.2429,4,2020-10-01 14:00:40 UTC,2021-09-14 6:00:32 UTC,500639.866666667,8343.99777777778,347.666574074074
2,-18.8605,34.243,22,2020-09-30 13:00:31 UTC,2021-10-08 8:00:32 UTC,536820.016666667,8947.00027777778,372.791678240741
3,-18.8605,34.2431,6,2020-09-30 9:00:19 UTC,2021-09-14 6:00:20 UTC,502380.016666667,8373.00027777778,348.875011574074
6,-18.8594,34.322,3,2020-12-24 14:00:31 UTC,2021-01-30 14:00:50 UTC,53280.3166666667,888.005277777778,37.0002199074074
2,-18.8592,34.3226,3,2020-12-24 16:00:02 UTC,2021-01-04 22:00:22 UTC,16200.3333333333,270.005555555556,11.2502314814815
1,-18.8544,34.3183,2,2021-01-05 3:00:46 UTC,2021-03-10 16:00:40 UTC,92939.9,1548.99833333333,64.5415972222222
3,-18.8519,34.244,2,2020-10-02 13:00:02 UTC,2020-10-08 14:00:31 UTC,8700.48333333333,145.008055555556,6.04200231481482
4,-18.8508,34.3077,3,2021-03-09 14:00:16 UTC,2021-03-18 14:00:56 UTC,12960.6666666667,216.011111111111,9.00046296296296
2,-18.8506,34.3139,3,2020-12-22 6:00:10 UTC,2021-01-06 16:00:31 UTC,22200.35,370.005833333333,15.4169097222222
4,-18.8499,34.2096,76,2021-07-19 9:06:05 UTC,2021-07-27 17:00:31 UTC,11994.4333333333,199.907222222222,8.32946759259259
5,-18.8499,34.2097,76,2021-07-18 21:00:01 UTC,2021-07-28 13:00:48 UTC,13920.7833333333,232.013055555556,9.66721064814815
4,-18.8498,34.2096,57,2021-07-19 21:00:50 UTC,2021-07-28 9:00:50 UTC,12240,204,8.5
5,-18.8498,34.2097,114,2021-07-24 17:00:31 UTC,2021-07-29 5:00:10 UTC,6479.65,107.994166666667,4.49975694444444
4,-18.8497,34.2094,114,2021-07-07 13:00:24 UTC,2021-07-13 1:00:50 UTC,7920.43333333333,132.007222222222,5.50030092592593
2,-18.8496,34.2093,95,2021-07-09 21:00:50 UTC,2021-07-20 17:00:49 UTC,15599.9833333333,259.999722222222,10.8333217592593
3,-18.8496,34.2094,247,2021-07-08 21:00:10 UTC,2021-07-27 9:06:55 UTC,26646.75,444.1125,18.5046875
4,-18.8496,34.2095,95,2021-07-16 1:00:20 UTC,2021-07-29 9:00:01 UTC,19199.6833333333,319.994722222222,13.3331134259259
5,-18.8496,34.2097,57,2021-07-13 9:00:50 UTC,2021-07-25 9:00:31 UTC,17279.6833333333,287.994722222222,11.9997800925926
2,-18.8495,34.209,38,2021-06-23 17:11:26 UTC,2021-07-01 13:00:40 UTC,11269.2333333333,187.820555555556,7.82585648148148
3,-18.8495,34.2091,171,2021-06-14 17:14:26 UTC,2021-07-08 1:00:01 UTC,33585.5833333333,559.759722222222,23.3233217592593
5,-18.8495,34.2094,95,2021-07-14 1:06:02 UTC,2021-07-18 1:00:49 UTC,5754.78333333333,95.9130555555556,3.99637731481482
6,-18.8495,34.2095,114,2021-07-12 17:00:31 UTC,2021-07-20 1:00:31 UTC,10560,176,7.33333333333333
7,-18.8495,34.2096,76,2021-07-06 13:00:10 UTC,2021-07-24 13:00:31 UTC,25920.35,432.005833333333,18.0002430555556
8,-18.8495,34.2097,76,2021-07-14 13:00:25 UTC,2021-07-24 9:00:23 UTC,14159.9666666667,235.999444444444,9.83331018518519
2,-18.8494,34.2089,57,2021-06-13 5:24:56 UTC,2021-07-04 5:00:07 UTC,30215.1833333333,503.586388888889,20.9827662037037
3,-18.8494,34.209,95,2021-06-24 13:00:56 UTC,2021-07-06 5:06:32 UTC,16805.6,280.093333333333,11.6705555555556
4,-18.8494,34.2091,171,2021-06-06 21:29:26 UTC,2021-07-03 9:00:01 UTC,38130.5833333333,635.509722222222,26.4795717592593
5,-18.8494,34.2092,57,2021-06-17 17:08:54 UTC,2021-07-07 21:00:10 UTC,29031.2666666667,483.854444444445,20.1606018518519
2,-18.8493,34.209,57,2021-06-23 21:00:25 UTC,2021-07-06 9:00:52 UTC,18000.45,300.0075,12.5003125
3,-18.8493,34.2091,95,2021-06-24 21:00:50 UTC,2021-07-05 9:06:10 UTC,15125.3333333333,252.088888888889,10.5037037037037
4,-18.8493,34.2092,38,2021-06-28 5:00:10 UTC,2021-07-02 1:00:31 UTC,5520.35,92.0058333333333,3.83357638888889
3,-18.8489,34.2084,38,2021-05-05 17:00:02 UTC,2021-05-24 9:00:26 UTC,26880.4,448.006666666667,18.6669444444444
2,-18.8488,34.2085,38,2021-05-06 13:00:01 UTC,2021-05-17 13:00:32 UTC,15840.5166666667,264.008611111111,11.0003587962963
4,-18.8488,34.2093,57,2021-04-03 21:00:02 UTC,2021-05-09 5:00:10 UTC,50880.1333333333,848.002222222222,35.3334259259259
3,-18.8473,34.2319,38,2021-02-09 22:29:01 UTC,2021-02-12 1:42:32 UTC,3073.51666666667,51.2252777777778,2.13438657407407
5,-18.8473,34.3408,3,2020-10-18 17:00:01 UTC,2020-10-26 18:00:31 UTC,11640.5,194.008333333333,8.08368055555556
1,-18.8468,34.2246,95,2021-02-10 16:33:50 UTC,2021-02-13 1:49:40 UTC,3435.83333333333,57.2638888888889,2.38599537037037
3,-18.8466,34.2237,38,2021-05-29 1:00:02 UTC,2021-06-01 13:00:10 UTC,5040.13333333333,84.0022222222222,3.50009259259259
6,-18.8463,34.2266,21,2021-01-08 13:00:32 UTC,2021-10-21 17:00:16 UTC,412019.733333333,6866.99555555556,286.124814814815
1,-18.8457,34.2197,6,2021-04-06 19:06:02 UTC,2021-04-09 3:06:02 UTC,3360,56,2.33333333333333
5,-18.8456,34.22,8,2021-04-08 23:00:40 UTC,2021-04-30 7:06:04 UTC,30725.4,512.09,21.3370833333333
7,-18.8456,34.253,57,2020-12-12 19:08:10 UTC,2021-10-11 6:00:32 UTC,435472.366666667,7257.87277777778,302.411365740741
1,-18.8455,34.2198,4,2021-04-07 7:00:50 UTC,2021-04-08 19:00:31 UTC,2159.68333333333,35.9947222222222,1.49978009259259
3,-18.8453,34.2532,38,2020-12-16 1:29:27 UTC,2020-12-18 1:42:40 UTC,2893.21666666667,48.2202777777778,2.00917824074074
2,-18.8446,34.193,57,2021-08-12 21:00:02 UTC,2021-08-15 21:16:50 UTC,4336.8,72.28,3.01166666666667
5,-18.8445,34.2202,38,2021-05-21 1:00:02 UTC,2021-05-22 5:00:56 UTC,1680.9,28.015,1.16729166666667
1,-18.8431,34.22,57,2021-01-08 3:58:02 UTC,2021-03-19 2:27:01 UTC,100708.983333333,1678.48305555556,69.9367939814815
4,-18.8421,34.2318,38,2021-01-16 22:55:20 UTC,2021-01-19 20:13:50 UTC,4158.5,69.3083333333333,2.88784722222222
3,-18.8412,34.2823,5,2020-11-11 13:00:40 UTC,2020-11-13 9:00:01 UTC,2639.35,43.9891666666667,1.83288194444444
4,-18.8412,34.2824,3,2020-11-11 5:04:01 UTC,2020-11-13 6:04:02 UTC,2940.01666666667,49.0002777777778,2.04167824074074
4,-18.8411,34.3277,3,2020-09-16 14:05:02 UTC,2020-09-17 14:06:26 UTC,1441.4,24.0233333333333,1.00097222222222
3,-18.8388,34.2418,20,2020-11-10 5:00:40 UTC,2021-09-29 6:00:32 UTC,465119.866666667,7751.99777777778,322.999907407407
5,-18.8388,34.2422,38,2021-05-21 9:00:26 UTC,2021-10-18 8:00:20 UTC,215939.9,3598.99833333333,149.958263888889
1,-18.8366,34.2093,38,2021-01-22 5:29:26 UTC,2021-01-23 14:37:56 UTC,1988.5,33.1416666666667,1.38090277777778
6,-18.8358,34.3086,4,2020-12-25 16:00:08 UTC,2021-02-08 14:00:27 UTC,64680.3166666667,1078.00527777778,44.9168865740741
1,-18.8356,34.2069,38,2021-08-01 13:00:38 UTC,2021-08-10 1:00:01 UTC,12239.3833333333,203.989722222222,8.49957175925926
2,-18.8356,34.207,38,2021-08-01 1:00:10 UTC,2021-08-03 21:00:19 UTC,4080.15,68.0025,2.8334375
1,-18.8355,34.2068,95,2021-08-01 21:00:56 UTC,2021-08-09 21:00:02 UTC,11519.1,191.985,7.999375
1,-18.8354,34.2068,38,2021-07-31 1:00:32 UTC,2021-08-09 17:00:40 UTC,13920.1333333333,232.002222222222,9.66675925925926
3,-18.8354,34.207,76,2021-08-02 9:00:50 UTC,2021-08-05 9:00:55 UTC,4320.08333333333,72.0013888888889,3.00005787037037
4,-18.8349,34.3403,2,2020-10-17 14:00:01 UTC,2020-10-23 14:05:39 UTC,8645.63333333333,144.093888888889,6.00391203703704
4,-18.8348,34.3404,2,2020-10-21 9:00:31 UTC,2020-10-23 6:00:20 UTC,2699.81666666667,44.9969444444444,1.87487268518519
7,-18.8347,34.3403,4,2020-10-23 13:00:25 UTC,2020-11-04 21:00:40 UTC,17820.25,297.004166666667,12.3751736111111
8,-18.8347,34.3405,6,2020-10-22 22:00:39 UTC,2020-10-28 18:00:02 UTC,8459.38333333333,140.989722222222,5.87457175925926
5,-18.8346,34.3403,2,2020-10-06 5:00:39 UTC,2020-10-24 9:00:10 UTC,26159.5166666667,435.991944444444,18.1663310185185
6,-18.8346,34.3404,2,2020-10-22 21:00:32 UTC,2020-11-04 22:00:31 UTC,18839.9833333333,313.999722222222,13.0833217592593
2,-18.8343,34.201,57,2021-08-07 9:00:06 UTC,2021-08-09 13:00:13 UTC,3120.11666666667,52.0019444444445,2.16674768518519
3,-18.8342,34.3412,3,2020-10-24 18:05:02 UTC,2021-11-06 3:00:40 UTC,543475.633333333,9057.92722222222,377.413634259259
4,-18.8342,34.3413,4,2021-10-17 16:00:26 UTC,2021-11-06 3:00:32 UTC,28080.1,468.001666666667,19.5000694444444
5,-18.8342,34.3414,3,2021-10-17 17:00:56 UTC,2021-11-06 4:00:44 UTC,28079.8,467.996666666667,19.4998611111111
2,-18.8339,34.3416,2,2020-10-21 6:00:27 UTC,2020-10-27 10:00:32 UTC,8940.08333333333,149.001388888889,6.2083912037037
3,-18.8339,34.3423,3,2020-10-22 14:00:39 UTC,2021-10-17 14:00:02 UTC,518399.383333333,8639.98972222222,359.999571759259
1,-18.8338,34.3423,2,2020-10-22 9:00:10 UTC,2021-09-08 6:00:55 UTC,462060.75,7701.0125,320.875520833333
5,-18.8333,34.2405,4,2020-11-08 13:04:01 UTC,2020-11-10 9:00:39 UTC,2636.63333333333,43.9438888888889,1.83099537037037
3,-18.8308,34.3436,2,2020-10-22 1:00:09 UTC,2020-10-24 2:00:01 UTC,2939.86666666667,48.9977777777778,2.04157407407407
4,-18.8308,34.3437,3,2020-10-21 17:00:31 UTC,2020-10-24 1:00:50 UTC,3360.31666666667,56.0052777777778,2.33355324074074
5,-18.8308,34.3438,2,2020-10-21 21:00:31 UTC,2020-10-23 22:04:02 UTC,2943.51666666667,49.0586111111111,2.0441087962963
3,-18.8255,34.2325,4,2020-12-11 14:00:09 UTC,2021-02-03 16:00:57 UTC,77880.8,1298.01333333333,54.0838888888889
7,-18.8253,34.359,3,2021-10-26 17:00:57 UTC,2021-11-04 6:00:01 UTC,12359.0666666667,205.984444444444,8.58268518518519
7,-18.8252,34.3476,3,2021-10-26 6:00:10 UTC,2021-11-05 6:00:24 UTC,14460.2333333333,241.003888888889,10.0418287037037
1,-18.8251,34.3474,5,2021-10-25 3:00:05 UTC,2021-10-26 5:00:23 UTC,1560.3,26.005,1.08354166666667
1,-18.8224,34.2392,2,2020-09-27 14:00:19 UTC,2020-10-11 9:00:48 UTC,19860.4833333333,331.008055555556,13.7920023148148
2,-18.822,34.212,57,2021-01-25 20:52:32 UTC,2021-03-08 7:18:02 UTC,59665.5,994.425,41.434375
3,-18.822,34.2121,38,2021-03-08 19:21:01 UTC,2021-03-20 23:39:01 UTC,17538,292.3,12.1791666666667
4,-18.8219,34.212,57,2021-01-25 2:47:58 UTC,2021-03-08 4:17:20 UTC,60569.3666666667,1009.48944444444,42.0620601851852
3,-18.815,34.2267,38,2021-02-01 0:31:50 UTC,2021-02-02 0:38:52 UTC,1447.03333333333,24.1172222222222,1.00488425925926
2,-18.8149,34.2266,38,2021-01-31 21:30:56 UTC,2021-02-02 3:39:08 UTC,1808.2,30.1366666666667,1.25569444444444
7,-18.8121,34.3268,3,2021-02-26 6:00:10 UTC,2021-02-27 6:00:39 UTC,1440.48333333333,24.0080555555556,1.00033564814815
5,-18.8019,34.3256,3,2020-12-19 14:00:26 UTC,2020-12-29 16:00:31 UTC,14520.0833333333,242.001388888889,10.0833912037037
3,-18.8018,34.3256,3,2020-12-19 14:00:56 UTC,2020-12-29 16:00:32 UTC,14519.6,241.993333333333,10.0830555555556
3,-18.8017,34.3526,2,2021-10-01 6:04:01 UTC,2021-10-27 6:00:01 UTC,37436,623.933333333333,25.9972222222222
4,-18.7905,34.3633,3,2021-10-01 22:00:31 UTC,2021-10-11 17:00:32 UTC,14100.0166666667,235.000277777778,9.79167824074074
3,-18.7885,34.3712,2,2021-10-06 14:00:02 UTC,2021-10-07 14:00:56 UTC,1440.9,24.015,1.000625
4,-18.7876,34.3283,4,2021-02-08 3:00:32 UTC,2021-02-10 3:00:48 UTC,2880.26666666667,48.0044444444445,2.00018518518519
1,-18.7847,34.3295,5,2021-02-03 22:00:42 UTC,2021-02-05 4:00:23 UTC,1799.68333333333,29.9947222222222,1.24978009259259
1,-18.7843,34.3171,3,2020-09-22 9:00:40 UTC,2020-11-03 14:00:10 UTC,60839.5,1013.99166666667,42.2496527777778
1,-18.7842,34.317,2,2020-09-14 9:00:01 UTC,2020-09-22 10:00:10 UTC,11580.15,193.0025,8.04177083333333
4,-18.7821,34.3284,2,2021-01-14 14:00:01 UTC,2021-02-15 14:00:02 UTC,46080.0166666667,768.000277777778,32.0000115740741
4,-18.7797,34.3451,3,2020-10-16 9:00:39 UTC,2021-10-28 5:00:10 UTC,542639.516666667,9043.99194444444,376.832997685185
3,-18.7796,34.3451,3,2020-10-16 13:00:31 UTC,2021-10-28 4:00:06 UTC,542339.583333333,9038.99305555555,376.624710648148
3,-18.7795,34.3453,2,2020-10-16 6:00:39 UTC,2021-08-31 6:00:31 UTC,459359.866666667,7655.99777777778,318.999907407407
1,-18.7793,34.2255,2,2020-09-08 13:00:26 UTC,2021-08-25 14:00:02 UTC,505499.6,8424.99333333333,351.041388888889
4,-18.7788,34.1723,2,2021-08-16 16:00:20 UTC,2021-08-17 17:00:12 UTC,1499.86666666667,24.9977777777778,1.04157407407407
2,-18.7785,34.2991,2,2020-09-11 9:05:20 UTC,2020-09-13 13:07:01 UTC,3121.68333333333,52.0280555555556,2.16783564814815
7,-18.7781,34.3509,3,2021-01-09 4:00:26 UTC,2021-01-12 3:00:57 UTC,4260.51666666667,71.0086111111111,2.95869212962963
4,-18.7777,34.2984,2,2020-09-12 5:00:55 UTC,2020-09-21 22:00:01 UTC,13979.1,232.985,9.70770833333333
3,-18.777,34.197,2,2021-08-20 14:00:10 UTC,2021-08-21 14:00:29 UTC,1440.31666666667,24.0052777777778,1.00021990740741
7,-18.777,34.3777,3,2020-11-22 22:00:45 UTC,2020-11-24 22:00:31 UTC,2879.76666666667,47.9961111111111,1.99983796296296
3,-18.7666,34.3351,2,2021-04-02 17:00:06 UTC,2021-04-06 3:00:58 UTC,4920.86666666667,82.0144444444445,3.41726851851852
2,-18.7651,34.3166,4,2020-10-25 4:00:22 UTC,2021-02-13 22:00:40 UTC,160920.3,2682.005,111.750208333333
3,-18.7626,34.335,2,2020-10-26 6:00:23 UTC,2020-10-27 16:00:10 UTC,2039.78333333333,33.9963888888889,1.4165162037037
2,-18.7605,34.293,5,2021-09-24 16:00:40 UTC,2021-09-26 22:00:48 UTC,3240.13333333333,54.0022222222222,2.25009259259259
3,-18.7601,34.297,4,2020-10-31 14:00:50 UTC,2020-11-16 14:00:10 UTC,23039.3333333333,383.988888888889,15.999537037037
1,-18.76,34.2969,3,2020-10-31 10:00:01 UTC,2020-11-01 10:00:43 UTC,1440.7,24.0116666666667,1.00048611111111
3,-18.76,34.2971,2,2020-11-01 13:05:31 UTC,2020-11-16 14:00:31 UTC,21655,360.916666666667,15.0381944444444
5,-18.7567,34.3194,2,2020-10-25 5:00:02 UTC,2021-01-16 6:00:31 UTC,119580.483333333,1993.00805555556,83.0420023148148
5,-18.7546,34.3708,2,2021-06-30 17:00:23 UTC,2021-07-06 17:00:02 UTC,8639.65,143.994166666667,5.99975694444444
7,-18.7545,34.3707,3,2021-06-28 17:00:02 UTC,2021-07-01 17:00:56 UTC,4320.9,72.015,3.000625
8,-18.7545,34.3708,8,2021-06-23 3:00:52 UTC,2021-07-09 3:00:32 UTC,23039.6666666667,383.994444444445,15.9997685185185
5,-18.7544,34.3708,9,2021-06-18 6:00:02 UTC,2021-07-05 3:00:03 UTC,24300.0166666667,405.000277777778,16.8750115740741
6,-18.7544,34.3709,2,2021-06-17 17:00:40 UTC,2021-07-03 3:00:49 UTC,22200.15,370.0025,15.4167708333333
3,-18.7535,34.3474,2,2021-03-16 22:04:02 UTC,2021-03-25 3:00:40 UTC,11816.6333333333,196.943888888889,8.20599537037037
7,-18.7533,34.3718,3,2021-10-06 6:00:01 UTC,2021-10-10 6:00:01 UTC,5760,96,4
4,-18.7532,34.3752,3,2021-08-02 17:00:51 UTC,2021-08-07 17:00:40 UTC,7199.81666666667,119.996944444444,4.99987268518519
3,-18.7531,34.3746,2,2021-07-25 6:00:31 UTC,2021-08-06 3:00:56 UTC,17100.4166666667,285.006944444445,11.8752893518519
3,-18.753,34.3746,6,2021-07-26 3:00:56 UTC,2021-08-16 17:00:24 UTC,31079.4666666667,517.991111111111,21.582962962963
4,-18.753,34.3747,2,2021-07-29 6:00:33 UTC,2021-08-01 6:00:48 UTC,4320.25,72.0041666666667,3.00017361111111
5,-18.753,34.3749,2,2021-07-16 17:00:20 UTC,2021-08-06 6:04:24 UTC,29584.0666666667,493.067777777778,20.5444907407407
7,-18.7529,34.375,2,2021-07-19 17:00:01 UTC,2021-08-03 3:00:50 UTC,20760.8166666667,346.013611111111,14.4172337962963
2,-18.7528,34.3729,2,2021-07-13 3:00:10 UTC,2021-07-14 3:00:19 UTC,1440.15,24.0025,1.00010416666667
5,-18.7528,34.3746,4,2021-08-14 17:00:29 UTC,2021-08-20 3:00:44 UTC,7800.25,130.004166666667,5.41684027777778
6,-18.7528,34.3747,2,2021-08-13 17:00:49 UTC,2021-08-18 3:00:51 UTC,6360.03333333333,106.000555555556,4.41668981481481
7,-18.7528,34.3748,3,2021-07-17 3:00:10 UTC,2021-07-23 6:00:20 UTC,8820.16666666667,147.002777777778,6.12511574074074
8,-18.7528,34.3749,6,2021-07-18 6:00:10 UTC,2021-08-19 17:00:53 UTC,46740.7166666667,779.011944444445,32.4588310185185
9,-18.7528,34.375,2,2021-07-24 3:00:27 UTC,2021-07-28 3:00:09 UTC,5759.7,95.995,3.99979166666667
10,-18.7528,34.3751,2,2021-07-17 17:00:32 UTC,2021-08-08 17:00:49 UTC,31680.2833333333,528.004722222222,22.0001967592593
11,-18.7528,34.3752,4,2021-07-24 17:00:59 UTC,2021-08-01 17:00:26 UTC,11519.45,191.990833333333,7.99961805555556
12,-18.7528,34.3753,2,2021-07-30 6:00:49 UTC,2021-08-09 3:00:56 UTC,14220.1166666667,237.001944444444,9.87508101851852
4,-18.7527,34.3729,4,2021-07-14 17:00:40 UTC,2021-07-16 3:00:15 UTC,2039.58333333333,33.9930555555556,1.41637731481482
7,-18.7527,34.3749,7,2021-07-18 3:04:27 UTC,2021-08-04 3:00:45 UTC,24476.3,407.938333333333,16.9974305555556
8,-18.7527,34.375,4,2021-07-27 3:00:23 UTC,2021-08-04 6:00:32 UTC,11700.15,195.0025,8.12510416666667
2,-18.7526,34.3728,2,2021-07-13 6:00:50 UTC,2021-07-16 6:00:25 UTC,4319.58333333333,71.9930555555556,2.99971064814815
8,-18.7526,34.375,2,2021-07-25 17:00:24 UTC,2021-08-14 3:00:06 UTC,27959.7,465.995,19.4164583333333
10,-18.7526,34.3752,3,2021-07-23 17:00:26 UTC,2021-08-11 17:00:03 UTC,27359.6166666667,455.993611111111,18.9997337962963
3,-18.7524,34.3514,3,2021-03-20 22:00:10 UTC,2021-03-22 4:00:02 UTC,1799.86666666667,29.9977777777778,1.24990740740741
6,-18.7523,34.3735,2,2021-05-10 6:00:53 UTC,2021-05-13 3:00:23 UTC,4139.5,68.9916666666667,2.87465277777778
6,-18.7513,34.373,2,2021-02-23 6:00:02 UTC,2021-11-04 3:00:02 UTC,365580,6093,253.875
9,-18.7512,34.3698,2,2021-05-06 6:00:02 UTC,2021-05-09 3:00:04 UTC,4140.03333333333,69.0005555555556,2.87502314814815
3,-18.7502,34.3683,2,2021-03-09 14:00:02 UTC,2021-03-13 3:00:40 UTC,5100.63333333333,85.0105555555556,3.54210648148148
7,-18.7502,34.3716,2,2021-04-23 17:00:02 UTC,2021-10-10 3:00:02 UTC,243960,4066,169.416666666667
3,-18.7498,34.3666,3,2021-01-25 22:00:02 UTC,2021-01-27 4:00:54 UTC,1800.86666666667,30.0144444444444,1.25060185185185
5,-18.7494,34.3474,2,2021-03-17 6:00:49 UTC,2021-03-24 3:00:51 UTC,9900.03333333333,165.000555555556,6.87502314814815
5,-18.7492,34.355,3,2021-03-08 3:00:02 UTC,2021-03-13 22:00:31 UTC,8340.48333333333,139.008055555556,5.79200231481482
4,-18.7491,34.355,4,2021-01-23 22:00:10 UTC,2021-03-14 4:00:02 UTC,70919.8666666667,1181.99777777778,49.2499074074074
5,-18.7477,34.2928,6,2020-11-28 22:00:32 UTC,2021-04-16 6:04:18 UTC,199143.766666667,3319.06277777778,138.294282407407
11,-18.7477,34.3276,5,2021-05-04 3:00:32 UTC,2021-05-07 3:00:32 UTC,4320,72,3
2,-18.7476,34.2747,7,2021-04-01 22:00:22 UTC,2021-04-03 3:00:50 UTC,1740.46666666667,29.0077777777778,1.20865740740741
3,-18.7476,34.2748,2,2021-04-02 3:00:38 UTC,2021-04-06 14:07:02 UTC,6426.4,107.106666666667,4.46277777777778
8,-18.7476,34.2997,4,2021-08-01 3:00:21 UTC,2021-08-04 3:00:40 UTC,4320.31666666667,72.0052777777778,3.00021990740741
9,-18.7476,34.2998,2,2021-08-03 17:00:32 UTC,2021-08-05 22:00:24 UTC,3179.86666666667,52.9977777777778,2.20824074074074
13,-18.7476,34.3417,2,2021-04-04 6:00:18 UTC,2021-04-09 3:00:34 UTC,7020.26666666667,117.004444444444,4.87518518518519
5,-18.7475,34.2996,3,2021-08-04 3:00:02 UTC,2021-08-05 17:00:49 UTC,2280.78333333333,38.0130555555556,1.58387731481481
6,-18.7475,34.2997,5,2021-08-01 3:00:02 UTC,2021-08-06 3:00:40 UTC,7200.63333333333,120.010555555556,5.00043981481482
4,-18.7474,34.2997,5,2021-07-30 16:00:45 UTC,2021-07-31 17:00:19 UTC,1499.56666666667,24.9927777777778,1.04136574074074
5,-18.7474,34.2998,4,2021-07-31 3:00:02 UTC,2021-08-06 3:00:02 UTC,8640,144,6
9,-18.7472,34.3434,3,2021-02-21 22:00:08 UTC,2021-03-16 3:00:56 UTC,31980.8,533.013333333333,22.2088888888889
3,-18.7469,34.2992,2,2021-07-10 4:00:26 UTC,2021-07-30 14:00:52 UTC,29400.4333333333,490.007222222222,20.4169675925926
8,-18.7467,34.2992,2,2021-07-27 14:00:26 UTC,2021-08-01 14:00:32 UTC,7200.1,120.001666666667,5.00006944444445
10,-18.7467,34.3131,3,2020-09-25 23:00:36 UTC,2020-09-29 23:00:01 UTC,5759.41666666667,95.9902777777778,3.99959490740741
11,-18.7467,34.3132,2,2020-09-27 3:00:44 UTC,2020-09-28 19:04:02 UTC,2403.3,40.055,1.66895833333333
16,-18.7467,34.3576,3,2021-04-17 6:04:02 UTC,2021-10-03 3:00:02 UTC,243176,4052.93333333333,168.872222222222
17,-18.7467,34.3577,2,2021-02-22 6:00:02 UTC,2021-10-09 6:00:29 UTC,329700.45,5495.0075,228.958645833333
8,-18.7466,34.2931,3,2020-11-17 16:07:26 UTC,2020-11-30 6:00:31 UTC,18113.0833333333,301.884722222222,12.5785300925926
17,-18.7466,34.3131,4,2020-09-26 19:00:20 UTC,2020-09-30 3:00:01 UTC,4799.68333333333,79.9947222222222,3.33311342592593
6,-18.7465,34.2931,12,2020-11-16 14:16:32 UTC,2020-12-01 16:00:40 UTC,21704.1333333333,361.735555555556,15.0723148148148
19,-18.7465,34.3574,2,2021-03-14 14:00:55 UTC,2021-10-03 3:00:32 UTC,291599.616666667,4859.99361111111,202.499733796296
6,-18.7464,34.293,5,2020-11-18 14:00:31 UTC,2020-12-01 4:00:29 UTC,18119.9666666667,301.999444444445,12.5833101851852
7,-18.7464,34.2931,4,2020-11-29 4:00:29 UTC,2020-12-01 16:00:41 UTC,3600.2,60.0033333333333,2.50013888888889
14,-18.7464,34.351,3,2020-11-21 4:00:02 UTC,2020-11-25 4:00:28 UTC,5760.43333333333,96.0072222222222,4.00030092592593
7,-18.7463,34.2931,13,2020-11-28 16:07:50 UTC,2020-12-01 14:10:45 UTC,4202.91666666667,70.0486111111111,2.91869212962963
8,-18.7463,34.2932,2,2020-11-18 4:00:40 UTC,2020-11-28 16:00:10 UTC,15119.5,251.991666666667,10.4996527777778
11,-18.746,34.3603,4,2020-11-21 6:00:02 UTC,2021-02-18 14:00:22 UTC,128640.333333333,2144.00555555556,89.3335648148148
3,-18.7459,34.2989,6,2021-06-30 4:00:38 UTC,2021-08-02 3:00:32 UTC,47459.9,790.998333333333,32.9582638888889
7,-18.7459,34.3603,2,2020-11-21 6:00:32 UTC,2021-04-27 6:00:52 UTC,226020.333333333,3767.00555555556,156.958564814815
8,-18.7458,34.2996,6,2021-06-25 17:00:32 UTC,2021-06-29 3:00:32 UTC,4920,82,3.41666666666667
9,-18.7458,34.2997,13,2021-06-25 17:00:50 UTC,2021-06-30 5:00:47 UTC,6479.95,107.999166666667,4.49996527777778
5,-18.7457,34.2994,3,2021-07-15 22:00:02 UTC,2021-07-21 5:00:09 UTC,7620.11666666667,127.001944444444,5.29174768518519
6,-18.7457,34.2995,13,2021-06-29 17:00:40 UTC,2021-07-26 17:00:02 UTC,38879.3666666667,647.989444444445,26.9995601851852
7,-18.7457,34.2996,6,2021-06-29 3:15:32 UTC,2021-07-24 3:00:02 UTC,35984.5,599.741666666667,24.9892361111111
8,-18.7457,34.2997,10,2021-06-24 22:00:31 UTC,2021-07-19 5:00:12 UTC,34979.6833333333,582.994722222222,24.2914467592593
9,-18.7457,34.2998,8,2021-06-25 3:00:02 UTC,2021-07-10 6:00:37 UTC,21780.5833333333,363.009722222222,15.1254050925926
12,-18.7457,34.3005,2,2021-07-10 14:00:32 UTC,2021-07-14 14:00:10 UTC,5759.63333333333,95.9938888888889,3.99974537037037
4,-18.7456,34.2992,7,2021-07-10 17:00:07 UTC,2021-07-24 3:00:28 UTC,19320.35,322.005833333333,13.4169097222222
8,-18.7456,34.2996,5,2021-06-30 14:00:56 UTC,2021-07-26 14:00:08 UTC,37439.2,623.986666666667,25.9994444444444
9,-18.7456,34.2997,6,2021-06-24 17:00:44 UTC,2021-07-26 16:00:10 UTC,46019.4333333333,766.990555555556,31.9579398148148
10,-18.7456,34.2998,3,2021-06-24 17:00:19 UTC,2021-07-16 14:00:56 UTC,31500.6166666667,525.010277777778,21.8754282407407
11,-18.7456,34.3,2,2021-06-24 16:00:40 UTC,2021-07-12 6:00:32 UTC,25319.8666666667,421.997777777778,17.5832407407407
7,-18.7455,34.2991,2,2021-06-30 3:00:53 UTC,2021-07-11 22:00:09 UTC,16979.2666666667,282.987777777778,11.7911574074074
8,-18.7455,34.2992,4,2021-07-10 16:00:02 UTC,2021-07-12 3:00:54 UTC,2100.86666666667,35.0144444444444,1.45893518518519
9,-18.7455,34.2993,6,2021-07-12 16:00:31 UTC,2021-07-22 3:00:32 UTC,13620.0166666667,227.000277777778,9.45834490740741
11,-18.7455,34.2995,9,2021-06-30 17:00:31 UTC,2021-07-23 22:00:31 UTC,33420,557,23.2083333333333
12,-18.7455,34.2996,22,2021-06-30 22:00:39 UTC,2021-07-21 6:00:32 UTC,29279.8833333333,487.998055555556,20.3332523148148
13,-18.7455,34.2997,11,2021-06-30 16:00:49 UTC,2021-07-20 16:00:31 UTC,28799.7,479.995,19.9997916666667
14,-18.7455,34.2998,2,2021-07-01 16:00:40 UTC,2021-07-09 4:00:42 UTC,10800.0333333333,180.000555555556,7.50002314814815
15,-18.7455,34.2999,7,2021-07-06 14:00:31 UTC,2021-07-21 17:04:29 UTC,21783.9666666667,363.066111111111,15.1277546296296
8,-18.7454,34.2995,5,2021-06-30 17:00:32 UTC,2021-07-09 14:00:37 UTC,12780.0833333333,213.001388888889,8.87505787037037
9,-18.7454,34.2996,12,2021-07-01 17:00:02 UTC,2021-07-15 3:00:05 UTC,19320.05,322.000833333333,13.4167013888889
10,-18.7454,34.2997,5,2021-07-03 17:00:49 UTC,2021-07-29 3:00:32 UTC,36599.7166666667,609.995277777778,25.4164699074074
11,-18.7454,34.2998,15,2021-07-01 22:00:10 UTC,2021-07-28 17:00:31 UTC,38580.35,643.005833333333,26.7919097222222
8,-18.7453,34.2998,3,2021-07-25 3:00:40 UTC,2021-07-29 3:00:32 UTC,5759.86666666667,95.9977777777778,3.99990740740741
9,-18.7453,34.2999,2,2021-07-24 17:00:10 UTC,2021-07-27 3:00:01 UTC,3479.85,57.9975,2.4165625
13,-18.7453,34.3016,7,2021-06-14 6:00:10 UTC,2021-06-22 6:00:26 UTC,11520.2666666667,192.004444444444,8.00018518518519
14,-18.7453,34.3017,5,2021-06-13 16:00:02 UTC,2021-06-20 22:00:10 UTC,10440.1333333333,174.002222222222,7.25009259259259
15,-18.7453,34.3018,3,2021-06-19 4:00:29 UTC,2021-06-20 6:00:04 UTC,1559.58333333333,25.9930555555556,1.08304398148148
4,-18.7452,34.2996,4,2021-07-08 17:00:03 UTC,2021-07-09 17:00:30 UTC,1440.45,24.0075,1.0003125
6,-18.7452,34.2999,4,2021-07-24 17:00:17 UTC,2021-07-28 17:00:09 UTC,5759.86666666667,95.9977777777778,3.99990740740741
9,-18.7452,34.3016,9,2021-06-14 22:00:02 UTC,2021-06-19 14:00:40 UTC,6720.63333333333,112.010555555556,4.66710648148148
10,-18.7452,34.3017,20,2021-06-15 17:00:07 UTC,2021-06-23 4:00:43 UTC,10740.6,179.01,7.45875
11,-18.7452,34.3018,13,2021-06-13 22:00:56 UTC,2021-06-24 3:00:32 UTC,14699.6,244.993333333333,10.2080555555556
6,-18.7451,34.2994,3,2021-07-20 3:00:22 UTC,2021-07-30 6:00:32 UTC,14580.1666666667,243.002777777778,10.1251157407407
7,-18.7451,34.2996,3,2021-07-05 14:00:43 UTC,2021-07-29 17:00:04 UTC,34739.35,578.989166666667,24.1245486111111
11,-18.7451,34.3016,5,2021-06-14 14:00:32 UTC,2021-06-19 16:00:32 UTC,7320,122,5.08333333333333
13,-18.7451,34.3018,4,2021-06-16 3:00:02 UTC,2021-06-24 3:00:50 UTC,11520.8,192.013333333333,8.00055555555556
8,-18.745,34.2996,3,2021-07-20 3:00:28 UTC,2021-07-30 3:00:32 UTC,14400.0666666667,240.001111111111,10.0000462962963
12,-18.745,34.3017,3,2021-06-17 3:00:35 UTC,2021-06-23 3:00:24 UTC,8639.81666666667,143.996944444444,5.99987268518519
4,-18.7446,34.303,2,2021-05-18 22:00:02 UTC,2021-05-20 3:00:40 UTC,1740.63333333333,29.0105555555556,1.20877314814815
8,-18.7443,34.3026,2,2021-05-12 22:00:13 UTC,2021-06-12 3:00:38 UTC,43500.4166666667,725.006944444445,30.2086226851852
9,-18.7443,34.3028,3,2021-04-26 22:00:38 UTC,2021-06-02 14:00:35 UTC,52799.95,879.999166666667,36.6666319444445
5,-18.7442,34.3026,2,2021-04-26 16:00:53 UTC,2021-05-12 17:00:17 UTC,23099.4,384.99,16.04125
7,-18.7442,34.3028,2,2021-04-20 3:00:56 UTC,2021-05-13 4:00:38 UTC,33179.7,552.995,23.0414583333333
8,-18.7442,34.3029,3,2021-04-27 3:00:48 UTC,2021-06-04 16:00:40 UTC,55499.8666666667,924.997777777778,38.5415740740741
7,-18.7441,34.3025,3,2021-05-23 6:00:02 UTC,2021-06-06 3:00:32 UTC,19980.5,333.008333333333,13.8753472222222
8,-18.7441,34.3027,2,2021-06-04 22:00:32 UTC,2021-06-11 22:00:40 UTC,10080.1333333333,168.002222222222,7.00009259259259
9,-18.7441,34.3028,6,2021-04-15 17:00:25 UTC,2021-06-07 4:00:02 UTC,75539.6166666667,1258.99361111111,52.4580671296296
10,-18.7441,34.303,4,2021-04-27 3:00:32 UTC,2021-05-18 16:00:02 UTC,31019.5,516.991666666667,21.5413194444444
5,-18.744,34.3025,4,2021-05-11 14:00:10 UTC,2021-06-06 6:00:05 UTC,36959.9166666667,615.998611111111,25.6666087962963
6,-18.744,34.3026,3,2021-06-04 14:00:31 UTC,2021-06-10 3:00:54 UTC,7980.38333333333,133.006388888889,5.54193287037037
7,-18.744,34.3027,3,2021-06-09 3:00:59 UTC,2021-06-12 22:00:40 UTC,5459.68333333333,90.9947222222222,3.79144675925926
8,-18.744,34.3028,17,2021-04-27 3:00:11 UTC,2021-06-11 5:00:20 UTC,64920.15,1082.0025,45.0834375
9,-18.744,34.3029,12,2021-05-10 6:00:03 UTC,2021-06-11 17:00:02 UTC,46739.9833333333,778.999722222222,32.4583217592593
10,-18.744,34.303,4,2021-05-11 16:00:43 UTC,2021-06-08 17:00:12 UTC,40379.4833333333,672.991388888889,28.0413078703704
13,-18.744,34.3033,2,2021-05-26 3:00:48 UTC,2021-05-28 3:00:26 UTC,2879.63333333333,47.9938888888889,1.99974537037037
5,-18.7439,34.3025,3,2021-05-12 14:00:01 UTC,2021-06-06 6:00:26 UTC,35520.4166666667,592.006944444445,24.6669560185185
6,-18.7439,34.3027,13,2021-05-28 5:00:10 UTC,2021-06-12 6:00:36 UTC,21660.4333333333,361.007222222222,15.0419675925926
7,-18.7439,34.3028,14,2021-04-16 3:00:36 UTC,2021-06-13 5:00:51 UTC,83640.25,1394.00416666667,58.0835069444445
9,-18.7439,34.303,4,2021-05-25 6:00:32 UTC,2021-06-02 16:00:40 UTC,12120.1333333333,202.002222222222,8.41675925925926
10,-18.7439,34.3031,6,2021-05-21 16:00:01 UTC,2021-05-31 16:00:01 UTC,14400,240,10
11,-18.7439,34.3032,3,2021-05-25 17:04:15 UTC,2021-05-28 6:00:32 UTC,3656.28333333333,60.9380555555556,2.53908564814815
12,-18.7439,34.3033,5,2021-05-24 3:00:31 UTC,2021-06-03 17:05:31 UTC,15245,254.083333333333,10.5868055555556
1,-18.7438,34.3026,3,2021-04-08 17:00:52 UTC,2021-05-18 14:00:02 UTC,57419.1666666667,956.986111111111,39.8744212962963
3,-18.7438,34.3028,3,2021-05-21 17:00:02 UTC,2021-06-10 14:00:50 UTC,28620.8,477.013333333333,19.8755555555556
6,-18.7438,34.3032,4,2021-05-28 6:00:50 UTC,2021-05-30 6:00:02 UTC,2879.2,47.9866666666667,1.99944444444444
7,-18.7438,34.3033,5,2021-05-28 3:00:40 UTC,2021-06-07 22:00:36 UTC,15539.9333333333,258.998888888889,10.7916203703704
8,-18.7437,34.3032,7,2021-05-25 3:00:29 UTC,2021-06-01 6:00:40 UTC,10260.1833333333,171.003055555556,7.12512731481482
9,-18.7437,34.3033,15,2021-05-25 3:00:02 UTC,2021-06-08 3:00:32 UTC,20160.5,336.008333333333,14.0003472222222
3,-18.7436,34.3032,2,2021-05-25 4:00:26 UTC,2021-06-02 3:00:23 UTC,11459.95,190.999166666667,7.95829861111111
4,-18.7436,34.3033,3,2021-05-24 22:00:10 UTC,2021-06-04 3:00:20 UTC,14700.1666666667,245.002777777778,10.2084490740741
7,-18.7434,34.3035,2,2021-06-01 14:00:10 UTC,2021-06-09 14:00:31 UTC,11520.35,192.005833333333,8.00024305555556
4,-18.7432,34.309,3,2020-09-19 23:00:10 UTC,2020-09-21 3:04:50 UTC,1684.66666666667,28.0777777777778,1.16990740740741
4,-18.743,34.3309,2,2020-11-12 6:00:17 UTC,2021-04-13 17:00:02 UTC,219479.75,3657.99583333333,152.416493055556
6,-18.7425,34.3146,2,2020-10-22 4:00:10 UTC,2020-11-05 4:00:56 UTC,20220.7666666667,337.012777777778,14.0421990740741
1,-18.7424,34.3082,3,2020-09-23 7:00:31 UTC,2020-09-27 7:00:40 UTC,5760.15,96.0025,4.00010416666667
2,-18.7424,34.3083,3,2020-09-29 15:04:26 UTC,2020-10-01 11:06:31 UTC,2642.08333333333,44.0347222222222,1.83478009259259
3,-18.7424,34.3084,6,2020-09-19 11:00:31 UTC,2020-09-27 15:00:01 UTC,11759.5,195.991666666667,8.16631944444444
2,-18.7423,34.3084,5,2020-09-21 7:00:38 UTC,2020-09-30 11:00:31 UTC,13199.8833333333,219.998055555556,9.16658564814815
3,-18.7422,34.3309,2,2020-11-06 4:00:48 UTC,2020-11-12 14:00:31 UTC,9239.71666666667,153.995277777778,6.41646990740741
3,-18.7389,34.3361,7,2020-11-11 4:00:50 UTC,2020-11-20 22:00:32 UTC,14039.7,233.995,9.74979166666667
1,-18.7319,34.3122,2,2020-09-07 7:00:01 UTC,2020-09-10 19:00:50 UTC,5040.81666666667,84.0136111111111,3.50056712962963
4,-18.7318,34.3122,2,2020-09-10 7:00:10 UTC,2020-12-23 6:00:50 UTC,149760.666666667,2496.01111111111,104.000462962963
4,-18.7312,34.311,4,2020-10-11 19:00:32 UTC,2020-10-14 11:00:56 UTC,3840.4,64.0066666666667,2.66694444444444
6,-18.7311,34.311,3,2020-10-08 23:00:47 UTC,2020-10-12 11:00:32 UTC,5039.75,83.9958333333333,3.49982638888889
2,-18.7301,34.3117,2,2020-10-08 11:00:31 UTC,2020-10-11 11:00:39 UTC,4320.13333333333,72.0022222222222,3.00009259259259
3,-18.7294,34.2891,2,2020-12-11 3:00:27 UTC,2020-12-19 3:00:26 UTC,11519.9833333333,191.999722222222,7.99998842592593
1,-18.7285,34.2986,2,2020-10-05 11:00:31 UTC,2020-10-06 11:00:31 UTC,1440,24,1
4,-18.724,34.3456,2,2020-11-22 6:00:01 UTC,2020-11-27 6:00:20 UTC,7200.31666666667,120.005277777778,5.00021990740741
2,-18.7234,34.3323,2,2020-12-13 22:00:14 UTC,2020-12-15 3:00:32 UTC,1740.3,29.005,1.20854166666667
3,-18.7203,34.3154,2,2020-10-19 4:00:20 UTC,2020-10-20 4:00:58 UTC,1440.63333333333,24.0105555555556,1.00043981481481
1,-18.7135,34.3581,2,2020-12-01 4:00:32 UTC,2020-12-02 14:00:40 UTC,2040.13333333333,34.0022222222222,1.41675925925926
2,-18.7135,34.3582,3,2020-11-30 6:00:40 UTC,2020-12-02 16:00:31 UTC,3479.85,57.9975,2.4165625
2,-18.7106,34.3042,3,2020-10-20 7:00:10 UTC,2020-11-03 5:00:38 UTC,20100.4666666667,335.007777777778,13.9586574074074
6,-18.7105,34.3042,4,2020-10-17 5:00:34 UTC,2020-10-21 7:00:15 UTC,5879.68333333333,97.9947222222222,4.08311342592593
7,-18.7105,34.3043,3,2020-10-06 7:00:17 UTC,2020-10-31 7:00:40 UTC,36060.3833333333,601.006388888889,25.0419328703704
3,-18.7094,34.3034,2,2020-10-02 5:00:20 UTC,2020-11-21 16:00:30 UTC,72720.1666666667,1212.00277777778,50.5001157407407
2,-18.7027,34.4142,3,2020-11-29 14:00:50 UTC,2020-12-01 3:00:29 UTC,2219.65,36.9941666666667,1.54142361111111
4,-18.7026,34.4184,2,2020-11-30 14:00:26 UTC,2020-12-01 14:00:55 UTC,1440.48333333333,24.0080555555556,1.00033564814815
3,-18.7015,34.3079,2,2020-09-19 7:00:55 UTC,2020-09-24 7:00:02 UTC,7199.11666666667,119.985277777778,4.99938657407407
4,-18.6991,34.334,2,2020-11-25 4:00:47 UTC,2020-11-27 6:00:10 UTC,2999.38333333333,49.9897222222222,2.08290509259259
5,-18.6991,34.3342,4,2020-11-19 4:00:49 UTC,2020-11-25 3:00:56 UTC,8580.11666666667,143.001944444444,5.95841435185185
2,-18.699,34.3339,3,2020-11-11 5:00:32 UTC,2020-11-25 6:00:36 UTC,20220.0666666667,337.001111111111,14.041712962963
3,-18.699,34.334,3,2020-11-09 5:00:32 UTC,2020-11-17 5:00:20 UTC,11519.8,191.996666666667,7.99986111111111
4,-18.699,34.3341,2,2020-11-24 4:00:26 UTC,2020-11-26 14:00:50 UTC,3480.4,58.0066666666667,2.41694444444444
5,-18.699,34.3342,4,2020-11-19 3:00:06 UTC,2020-11-26 4:00:02 UTC,10139.9333333333,168.998888888889,7.04162037037037
2,-18.684,34.2738,2,2021-03-18 4:00:20 UTC,2021-03-19 14:00:31 UTC,2040.18333333333,34.0030555555556,1.41679398148148
2,-18.6785,34.2989,2,2021-03-29 3:00:19 UTC,2021-04-15 3:00:31 UTC,24480.2,408.003333333333,17.0001388888889
1,-18.6709,34.2555,8,2021-10-24 18:07:31 UTC,2021-11-02 22:00:50 UTC,13253.3166666667,220.888611111111,9.20369212962963
2,-18.6709,34.2556,6,2021-10-23 18:00:01 UTC,2021-11-03 2:00:55 UTC,14940.9,249.015,10.375625
2,-18.6696,34.2518,4,2021-10-23 6:00:01 UTC,2021-10-25 10:00:20 UTC,3120.31666666667,52.0052777777778,2.16688657407407
1,-18.6502,34.341,3,2021-01-12 22:00:40 UTC,2021-02-04 6:00:56 UTC,32160.2666666667,536.004444444444,22.3335185185185
1,-18.6117,34.3253,2,2020-12-16 4:00:20 UTC,2020-12-30 14:00:02 UTC,20759.7,345.995,14.4164583333333
2,-18.6103,34.3244,2,2020-12-17 3:00:01 UTC,2021-03-14 16:00:38 UTC,126060.616666667,2101.01027777778,87.5420949074074
3,-18.6096,34.3002,2,2021-01-16 22:00:02 UTC,2021-01-18 3:00:26 UTC,1740.4,29.0066666666667,1.20861111111111
2,-18.5437,34.2898,2,2021-05-26 3:00:46 UTC,2021-05-27 6:00:02 UTC,1619.26666666667,26.9877777777778,1.12449074074074
2,-18.5436,34.2896,3,2021-05-23 6:00:23 UTC,2021-05-24 6:00:23 UTC,1440,24,1
3,-18.5436,34.2897,5,2021-05-25 17:00:10 UTC,2021-05-30 6:00:01 UTC,6539.85,108.9975,4.5415625
1,-18.5435,34.2896,2,2021-05-22 17:00:43 UTC,2021-05-25 6:00:02 UTC,3659.31666666667,60.9886111111111,2.54119212962963
2,-18.5435,34.2897,3,2021-05-23 17:00:02 UTC,2021-05-31 6:00:01 UTC,10859.9833333333,180.999722222222,7.54165509259259
